{
  "weights": {
    "open": -2.046962526889995e+188,
    "high": -2.04533214062727e+188,
    "low": -2.1855109724214203e+188,
    "close": -2.0499895028344035e+188,
    "volume": 3.912341595516715e+186,
    "rsi": -1.4362398143958158e+188,
    "ema": 5.7453230279818166e+187,
    "bb_upper": 3.881248454839827e+188,
    "bb_lower": 5.4734649599160107e+188,
    "bb_middle": 4.897456777710194e+188,
    "price_change_1m": -5.230433258301746e+187,
    "volume_change_1m": -7.884153293375853e+186
  },
  "bias": -2.217251639906482e+188,
  "learningRate": 0.001,
  "epochs": 10,
  "minDataForTraining": 200
}