{
  "BTCUSDT": {
    "1m": {
      "minOpen": 105641,
      "maxOpen": 109658.6,
      "minHigh": 105657.5,
      "maxHigh": 109690.4,
      "minLow": 105641,
      "maxLow": 109569.3,
      "minClose": 100,
      "maxClose": 109658.7,
      "minVolume": 0.06,
      "maxVolume": 3836.316,
      "minRsi": 14.38,
      "maxRsi": 89.19,
      "minEma": 106194.915,
      "maxEma": 109258.18327932108,
      "minBb_upper": 105915.9878906132,
      "maxBb_upper": 109821.17882501992,
      "minBb_lower": 105678.29742736058,
      "maxBb_lower": 109371.33740387313,
      "minBb_middle": 105801.80999999997,
      "maxBb_middle": 109456.19500000002,
      "minPrice_change_1m": -0.0024112897251647733,
      "maxPrice_change_1m": 0.002695121381265665,
      "minVolume_change_1m": -0.9974301867397636,
      "maxVolume_change_1m": 31.754939906294563
    },
    "5m": {
      "minOpen": 105328.1,
      "maxOpen": 109621.8,
      "minHigh": 105360.2,
      "maxHigh": 109690.4,
      "minLow": 105010,
      "maxLow": 109442.5,
      "minClose": 105328.1,
      "maxClose": 109621.9,
      "minVolume": 13.283,
      "maxVolume": 11232.191,
      "minRsi": 11.54,
      "maxRsi": 85.03,
      "minEma": 105944.94778340653,
      "maxEma": 108361.34189731367,
      "minBb_upper": 105726.49016106749,
      "maxBb_upper": 109972.83900602351,
      "minBb_lower": 105247.88596092758,
      "maxBb_lower": 109223.2857426076,
      "minBb_middle": 105520.10999999978,
      "maxBb_middle": 109393.02499999963,
      "minPrice_change_1m": -0.0033514351075634016,
      "maxPrice_change_1m": 0.005754190252048912,
      "minVolume_change_1m": -0.876200566127264,
      "maxVolume_change_1m": 28.686536468454463
    },
    "15m": {
      "minOpen": 98418.9,
      "maxOpen": 109621.8,
      "minHigh": 98699.8,
      "maxHigh": 109690.4,
      "minLow": 98115.4,
      "maxLow": 109339.3,
      "minClose": 98419,
      "maxClose": 109621.9,
      "minVolume": 73.422,
      "maxVolume": 20738.651,
      "minRsi": 17.74,
      "maxRsi": 87.41,
      "minEma": 101803.24843572102,
      "maxEma": 107666.7692053702,
      "minBb_upper": 99868.4276655603,
      "maxBb_upper": 110044.01399376229,
      "minBb_lower": 97476.58731764057,
      "maxBb_lower": 109021.8344597203,
      "minBb_middle": 99176.09499999999,
      "maxBb_middle": 109322.60499999975,
      "minPrice_change_1m": -0.011902479487590852,
      "maxPrice_change_1m": 0.01572555822933575,
      "minVolume_change_1m": -0.8288067609479376,
      "maxVolume_change_1m": 15.517896030114164
    },
    "1h": {
      "minOpen": 98829.7,
      "maxOpen": 111755.9,
      "minHigh": 99402.7,
      "maxHigh": 111959.5,
      "minLow": 98115.4,
      "maxLow": 111338.7,
      "minClose": 98829.7,
      "maxClose": 111755.9,
      "minVolume": 235.279,
      "maxVolume": 89476.166,
      "minRsi": 19.43,
      "maxRsi": 83.55,
      "minEma": 103624.97299833842,
      "maxEma": 107945.79175757655,
      "minBb_upper": 102371.29542021666,
      "maxBb_upper": 112790.92632094715,
      "minBb_lower": 97945.07939803418,
      "maxBb_lower": 110540.3965626978,
      "minBb_middle": 100480.00499999989,
      "maxBb_middle": 111146.81499999997,
      "minPrice_change_1m": -0.023227122782671743,
      "maxPrice_change_1m": 0.017948071336346058,
      "minVolume_change_1m": -0.9363825735964927,
      "maxVolume_change_1m": 12.638244855904347
    }
  }
}